{
  "chapterNumber": "8",
  "title": "第8章 アジア諸地域の自立化と宋",
  "description": "唐の衰退後の東アジアにおける勢力交替と宋代の社会・文化、およびモンゴル帝国の形成と拡大について概説する。",
  "categories": [
    {
      "title": "東アジアの勢力交替",
      "questions": [
        { "q": "唐の衰退などを理由に、894年に菅原道真の建議によって派遣が停止された、日本の中国への使節団は何か。", "a": "遣唐使" },
        { "q": "遼河上流域で遊牧生活を営み、中国名で契丹と呼ばれていたモンゴル系の遊牧狩猟民は何か。", "a": "キタイ" },
        { "q": "916年に東モンゴルにキタイが建てた国家が、947年から用いた中国王朝風の国号は何か。", "a": "遼" },
        { "q": "キタイの建国者で、その後、926年には渤海を滅ぼした人物は誰か。", "a": "耶律阿保機(太祖)" },
        { "q": "936年、五代の後晋の建国を援助した代償としてキタイが獲得した、現在の北京・大同を中心とする地域は何か。", "a": "燕雲十六州" },
        { "q": "北方民族と中国農耕民とを分けて統治した、キタイ의 統治体制を何と呼ぶか。", "a": "二重統治体制" },
        { "q": "二重統治体制で、遊牧民を部族制で統治した官庁は何か。", "a": "北面官" },
        { "q": "二重統治体制で、農耕民を州県制で統治した官庁は何か。", "a": "南面官" },
        { "q": "漢字とウイグル文字を母体に契丹人がつくった民族文字は何か。", "a": "契丹文字" },
        { "q": "918年に建てられ、936年に朝鮮半島を統一した国は何か。", "a": "高麗" },
        { "q": "高麗の建国者は誰か。", "a": "王建" },
        { "q": "高麗の都はどこか。", "a": "開城" },
        { "q": "高麗で成立した、特権身分の官僚たちを何と呼んだか。", "a": "両班" },
        { "q": "高麗で刊行された木版印刷の仏教経典は何か。", "a": "高麗版大蔵経" },
        { "q": "世界で最初につくられたとされる高麗の印刷活字は何か。", "a": "金属活字" },
        { "q": "高麗でつくられた、象眼技法にすぐれた陶磁器は何か。", "a": "高麗青磁" },
        { "q": "平安中期からの藤原氏の摂関時代に発達した、漢字を基にした仮名文字や日本的風物を主題とした大和絵、浄土教の流行を特徴とする日本風の貴族文化を何と呼ぶか。", "a": "国風文化" },
        { "q": "宋代に、雲南地方に存在した国は何か。", "a": "大理" },
        { "q": "ベトナム初の長期王朝である李朝が1054年に定め、それ以降用いられたベトナムの国号は何か。", "a": "大越(ダイベト)" },
        { "q": "唐代の安南都護府を前身とし、大越(ダイベト)の李朝の時から都となった都市はどこか。", "a": "昇竜(ハノイ)" },
        { "q": "1225年に建国され、元軍の侵攻を撃退する一方、中国の制度や科挙を導入した北部ベトナムの大越の王朝は何か。", "a": "陳朝" },
        { "q": "河西地方に進出し、1038年に国を建てたチベット系民族は何か。", "a": "タングート" },
        { "q": "1038年に建国されたタングート人国家の国号は何か。", "a": "大夏" },
        { "q": "タングート人国家を宋は何と呼んだか。", "a": "西夏" },
        { "q": "西夏の建国者は誰か。", "a": "李元昊" },
        { "q": "漢字を母体につくられた、西夏の民族文字は何か。", "a": "西夏文字" }
      ]
    },
    {
      "title": "宋と金",
      "questions": [
        { "q": "後周の有力武将が、960年に建てた王朝は何か。", "a": "宋(北宋)" },
        { "q": "宋の建国者は誰か。", "a": "趙匡胤(太祖)" },
        { "q": "979年に中国統一を完成した、北宋の第2代皇帝は誰か。", "a": "太宗" },
        { "q": "君主独裁制を確立するため、宋が採用した、文人官僚優位の統治政策を何と呼ぶか。", "a": "文治主義" },
        { "q": "文治主義をめざす趙匡胤が創設した、皇帝みずからおこなう科挙の最終試験は何か。", "a": "殿試" },
        { "q": "唐末から台頭してきた新興地主層は、宋代になると何と呼ばれるようになったか。", "a": "形勢戸" },
        { "q": "宋代以降、科挙に合格して官僚を出した特権階層は何と呼ばれたか。", "a": "官戸" },
        { "q": "1004年に結ばれた、宋を兄、キタイを弟とし、毎年銀と絹を宋がキタイにおくることを内容とした、宋とキタイの和議は何か。", "a": "澶淵の盟" },
        { "q": "11世紀後半、財政破綻を克服するための改革をめざした北宋の第6代皇帝は誰か。", "a": "神宗" },
        { "q": "神宗に登用され、宰相として改革を実施した、政治家にして唐宋八大家の1人でもある人物は誰か。", "a": "王安石" },
        { "q": "中国では、中央政府の最高責任者で皇帝を補佐する者を、何と総称したか。", "a": "宰相" },
        { "q": "王安石が断行した、財政再建と富国強兵をめざした改革諸法を何と呼ぶか。", "a": "新法" },
        { "q": "新法の一つで、小農民救済のため、植え付け時に穀物や資金を低利で貸し付けた法は何か。", "a": "青苗法" },
        { "q": "新法の一つで、中小商人の保護を目的とした低利融資法は何か。", "a": "市易法" },
        { "q": "新法の一つで、物価安定と物資の流通円滑化を目的に、政府が各地の特産物を買い上げ、不足地に転売した法は何か。", "a": "均輸法" },
        { "q": "新法の一つで、免役銭を徴収し、これを財源に、労役を望む者を募集した法は何か。", "a": "募役法" },
        { "q": "新法の一つで、農閑期に軍事訓練をおこない、民兵の養成をはかった法は何か。", "a": "保甲法" },
        { "q": "新法の一つで、農民に馬を貸与してやしなわせ、戦時に軍馬として徴発した法は何か。", "a": "保馬法" },
        { "q": "王安石の改革を支持した、政治勢力の名称は何か。", "a": "新法党" },
        { "q": "新法に反対した、保守的な政治勢力の名称は何か。", "a": "旧法党" },
        { "q": "旧法党の中心的人物で、歴史家としては編年体の史書『資治通鑑』を著した人物は誰か。", "a": "司馬光" },
        { "q": "中国東北地方の東部を原住地とし、10世紀以来、遼の支配下にあった、ツングース系の狩猟・農耕民は何か。", "a": "女真(ジュシェン、ジュルチン)" },
        { "q": "ツングース系の女真が遼から独立して、1115年に建てた国は何か。", "a": "金" },
        { "q": "完顔部の首長で、金の初代皇帝となったのは誰か。", "a": "完顔阿骨打(太祖)" },
        { "q": "宋と連携して遼を滅ぼした金が、宋の違約を理由に開封を占領し、1127年に宋(北宋)を滅ぼした事件は何か。", "a": "靖康の変" },
        { "q": "靖康の変で北に連れ去られた、「風流天子」と呼ばれた北宋の上皇(前皇帝)は誰か。", "a": "徽宗" },
        { "q": "靖康の変で北に連れ去られた、北宋最後の皇帝は誰か。", "a": "欽宗" },
        { "q": "高宗によって再建された宋(南宋)の都の名は何か。", "a": "臨安(杭州)" },
        { "q": "金への抗戦をとなえた、南宋の主戦派の武将は誰か。", "a": "岳飛" },
        { "q": "金との和平をとなえた、南宋の和平派の中心的政治家は誰か。", "a": "秦檜" },
        { "q": "金と南宋の国境線となった河川は何か。", "a": "淮河" },
        { "q": "自民族の部族組織をもとに、300戸から100人を徴兵することを基礎とした金の軍事・行政組織は何か。", "a": "猛安・謀克" },
        { "q": "契丹文字と漢字を母体につくられた金の民族文字は何か。", "a": "女真文字" }
      ]
    },
    {
      "title": "唐末から宋代の社会と経済",
      "questions": [
        { "q": "開封のにぎわう様子を描いた、張択端の作となる絵巻物は何か。", "a": "「清明上河図」" },
        { "q": "宋代に数多くあらわれた、都市の城壁の外などで自然発生的に生まれた定期市は何と呼ばれたか。", "a": "草市" },
        { "q": "草市から発展したものが多い、地方の小都市は何と呼ばれたか。", "a": "鎮" },
        { "q": "営業の独占や相互扶助を目的につくられた、宋代の商人の同業組合は何か。", "a": "行" },
        { "q": "宋代の手工業者の同業組合は何か。", "a": "作" },
        { "q": "宋が流通政策の要として専売にした、代表的な二つの商品は何か。", "a": "塩・茶" },
        { "q": "大量に鋳造され、隣接諸地域でも流通した宋銭とも呼ばれた貨幣は何か。", "a": "銅銭" },
        { "q": "唐代後半から宋代にかけての送銭手形は何と呼ばれたか。", "a": "飛銭" },
        { "q": "手形から発展した、北宋で発行された世界最古の紙幣は何か。", "a": "交子" },
        { "q": "南宋で発行された紙幣は何か。", "a": "会子" },
        { "q": "平氏政権がとくに推進した、10世紀後半から13世紀半ばの日本と中国との民間貿易を何と呼ぶか。", "a": "日宋貿易" },
        { "q": "日宋貿易を介してもちこまれ、平安時代末期から日本でも大量に国内通貨として用いられた中国の貨幣を何と呼ぶか。", "a": "宋銭" },
        { "q": "唐代に設置され、宋代になると整備された海上交易全般を管理した官庁は何か。", "a": "市舶司" },
        { "q": "唐代にはじめて市舶司がおかれた広東省の港市はどこか。", "a": "広州" },
        { "q": "福建省の港市で、のちマルコ=ポーロによってザイトンの名で西方に紹介されたのはどこか。", "a": "泉州" },
        { "q": "南海交易で栄え、明代以降は寧波と呼ばれた、浙江省東部の港市は何か。", "a": "明州" },
        { "q": "法的には自由民であったが、経済的に地主に圧迫された中国の小作農を何と呼ぶか。", "a": "佃戸" },
        { "q": "北宋時代にベトナム(チャンパー)から取り寄せられ、長江下流域で栽培された、日照りに強く成長の早い稲は何か。", "a": "占城稲" },
        { "q": "低湿地の多かった長江下流域でも、干拓により囲田などが造成されて稲田の面積が増大し、宋代中期から、中国の穀倉地帯の中心となったことを示す言葉は何か。", "a": "「蘇湖(江浙)熟すれば天下足る」" },
        { "q": "江西省にある、陶磁器業で有名な都市はどこか。", "a": "景徳鎮" },
        { "q": "唐代中期には一般民衆にも広まり、宋代になると国内のみならず、周辺民族にも普及した飲み物は何か。", "a": "茶" },
        { "q": "宋代以降、儒学的教養をもつ社会的支配層を指した名称は何か。", "a": "士大夫" }
      ]
    },
    {
      "title": "宋代の文化",
      "questions": [
        { "q": "宋代に発達した、緑色または青色をおびた磁器は何か。", "a": "青磁" },
        { "q": "宋代に発達した、白色の素地に透明な釉をかけた磁器は何か。", "a": "白磁" },
        { "q": "宋代に厚く保護された、宮廷内で絵画を制作した機関の呼び名は何か。", "a": "画院" },
        { "q": "画院に属する画家が描いた、写実的で装飾的な宮廷様式の画風を何と呼ぶか。", "a": "院体画" },
        { "q": "代表作に「桃鳩図」がある、「風流天子」とも呼ばれた北宋の皇帝は誰か。", "a": "徽宗" },
        { "q": "絵画の専門家でない文人が、山水・人物などを水墨や細い線で趣深く描いた画風を何と呼ぶか。", "a": "文人画" },
        { "q": "『新唐書』『新五代史』を編纂した北宋の学者は誰か。", "a": "欧陽脩" },
        { "q": "「赤壁の賦」で知られる唐宋八大家の1人でもある、北宋の文人・政治家は誰か。", "a": "蘇軾" },
        { "q": "宋代を代表する文学として発達した、楽曲にあわせて歌う歌詞を何と呼ぶか。", "a": "詞" },
        { "q": "北宋で成立し、元代に元曲として完成された、歌・せりふ・しぐさをともなう歌劇を何と呼ぶか。", "a": "雑劇" },
        { "q": "宋代に成立した、朱子学とも呼ばれる、哲学的な新しい儒学を何と呼んだか。", "a": "宋学" },
        { "q": "道家思想や仏教哲学を導入しながら『太極図説』を著し、宋学の先駆者となった北宋の儒学者は誰か。", "a": "周敦頤" },
        { "q": "周敦頤に始まる学問を大成し、「格物致知」「理気二元論」「性即理」などを説いた、南宋の儒学者は誰か。", "a": "朱熹(朱子)" },
        { "q": "宋学の大成者に由来する、新しい儒学の呼び名は何か。", "a": "朱子学" },
        { "q": "朱熹が重視した、『大学』『中庸』『論語』『孟子』を何と総称したか。", "a": "四書" },
        { "q": "『春秋』にもとづき朱熹が強調した、君臣関係を正そうとした儒家の政治理論を日本では何と呼ぶか。", "a": "大義名分論" },
        { "q": "中華思想とも呼ばれ、周辺民族の文化を低いものとみなして区別する考え方を何と呼ぶか。", "a": "華夷の区別" },
        { "q": "「心即理」をとなえ、のちの陽明学の源流をなした南宋の儒学者は誰か。", "a": "陸九淵(陸象山)" },
        { "q": "旧法党の中心人物でもある司馬光が、戦国時代から五代末までを編年体で著した史書は何か。", "a": "『資治通鑑』" },
        { "q": "宋代以降、士大夫層を中心に広まった仏教は何か。", "a": "禅宗" },
        { "q": "宋代に、民衆のあいだに広まった仏教は何か。", "a": "浄土宗" },
        { "q": "金の時代、華北で成立した、儒学・仏教・道教を調和させた道教の一派の名称は何か。", "a": "全真教" },
        { "q": "全真教を創始した道士は誰か。", "a": "王重陽" },
        { "q": "唐初に発明され、宋代に広く普及した印刷技術は何か。", "a": "木版印刷" },
        { "q": "磁石の指極性を利用し、南宋では航海にも使用されたとされるものは何か。", "a": "羅針盤" },
        { "q": "南宋では点火・威嚇用に使われ、金・元で軍事的に実用化されるなど、兵器の発達をうながしたものは何か。", "a": "火薬" }
      ]
    },
    {
      "title": "モンゴル帝国の形成",
      "questions": [
        { "q": "キタイの滅亡時、皇族の耶律大石が中央アジアに西走し、イスラーム王朝を倒して建てた国は何か。", "a": "カラキタイ(西遼)" },
        { "q": "13世紀初めに諸部族を統一し、史上最大の大帝国を形成した騎馬遊牧民は何か。", "a": "モンゴル民族" },
        { "q": "モンゴル語で「集会」を意味する、最高議決機関は何か。", "a": "クリルタイ" },
        { "q": "1206年のクリルタイでカンに即位した、モンゴル全部族の統一者は誰か。", "a": "チンギス=カン(ハン)" },
        { "q": "チンギス=カンの本名は何か。", "a": "テムジン" },
        { "q": "鮮卑から用いられたカガン(可汗)に由来し、大モンゴル国でも使用された遊牧国家の君主の称号は何か。", "a": "カン(ハン)" },
        { "q": "チンギス=カンが組織した世界帝国の国名は何か。", "a": "大モンゴル国(モンゴル帝国)" },
        { "q": "モンゴル語で「人間の集団」を指し、これが転じて国を意味した語は何か。", "a": "ウルス" },
        { "q": "チンギス=カンが組織した大モンゴル国の政治・軍事制度の名称は何か。", "a": "千戸制" },
        { "q": "一時カラキタイを乗っ取ったが、チンギス=カンの派遣軍に滅ぼされた遊牧トルコ系部族の名称は何か。", "a": "ナイマン" },
        { "q": "1220年、チンギス=カンの侵攻を受けて敗れ、のちに滅亡した、西トルキスタンからイランを支配していたトルコ系イスラーム国家は何か。", "a": "ホラズム=シャー朝" },
        { "q": "1227年、チンギス=カンの遠征軍によって滅ぼされた、中国西北部の国家は何か。", "a": "西夏" },
        { "q": "チンギス=カンの第3子で、大モンゴル国の第2代皇帝は誰か。", "a": "オゴデイ(オゴタイ)" },
        { "q": "オゴデイ以降使用された、カンにまさる「皇帝」の称号は何か。", "a": "カアン(ハーン)" },
        { "q": "1234年にオゴデイの親征で滅ぼされた、中国東北地方を本拠地とした国はどこか。", "a": "金" },
        { "q": "オゴデイの時に定められたモンゴル帝国の都はどこか。", "a": "カラコルム" },
        { "q": "オゴデイの命でヨーロッパ遠征(西征)軍の総司令官となったのは誰か。", "a": "バトゥ" },
        { "q": "1241年、モンゴルの遠征軍が、ポーランドのレグニツァ(リーグニッツ)近郊でドイツ・ポーランド連合軍を破った戦いは何か。", "a": "ワールシュタットの戦い" },
        { "q": "ヨーロッパに遠征したバトゥが帰途、チンギス=カンの長子ジョチの所領をもとに、サライを都として南ロシアに建てた国は何か。", "a": "キプチャク=ハン国(ジョチ=ウルス)" },
        { "q": "1480年、キプチャク=ハン国から自立した国は何か。", "a": "モスクワ大公国" },
        { "q": "チンギス=カンの次子チャガタイの子孫が、アルマリクを都に、中央アジアに建てた国は何か。", "a": "チャガタイ=ハン国(チャガタイ=ウルス)" },
        { "q": "大モンゴル国の第3代皇帝は誰か。", "a": "グユク(定宗)" },
        { "q": "大モンゴル国の第4代皇帝は誰か。", "a": "モンケ(憲宗)" },
        { "q": "モンケの命で西アジアに遠征し、アッバース朝を滅ぼしたは誰か。", "a": "フレグ(フラグ)" },
        { "q": "アッバース朝を滅ぼしたのち、フレグがタブリーズを都にイラン地方に建てた国は何か。", "a": "イル=ハン国(フレグ=ウルス)" },
        { "q": "大モンゴル国の第5代皇帝は誰か。", "a": "クビライ(フビライ)" },
        { "q": "チンギス=カンの末子トゥルイの家系であるクビライが即位したことに対し、オゴデイ家が反対しておこした反乱は何か。", "a": "カイドゥ(ハイドゥ)の乱" }
      ]
    },
    {
      "title": "元の東アジア支配",
      "questions": [
        { "q": "クビライが1264年に遷都した都市はどこか。", "a": "大都" },
        { "q": "大都への遷都後、1271年に定めた中国風の国号は何か。", "a": "元" },
        { "q": "モンゴル帝国で創設され、元朝の時代に完備された、主要道路に約10里ごとに駅をおく交通制度は何か。", "a": "駅伝制" },
        { "q": "駅伝制をモンゴル語で何と呼ぶか。", "a": "ジャムチ" },
        { "q": "クビライは、長江下流から大都に至る沿岸航路を盛んにしたが、この沿岸航路による輸送を何と呼ぶか。", "a": "海運" },
        { "q": "南詔の滅亡後、雲南地方に成立したが、13世紀半ばにクビライの率いるモンゴル軍に滅ぼされた国は何か。", "a": "大理" },
        { "q": "13世紀にモンゴル軍の侵入を受け、属国とされた朝鮮の王朝は何か。", "a": "高麗" },
        { "q": "クビライの命で、1274年と1281年におこなわれた遠征は何か。", "a": "日本遠征(元寇)" },
        { "q": "1276年にクビライの治下の元軍の攻撃で滅んだ中国の王朝は何か。", "a": "南宋" },
        { "q": "元軍の侵攻を3度撃退した、ベトナムの王朝は何か。", "a": "陳朝" },
        { "q": "11世紀半ばに成立したが、元軍の侵入を受けて13世紀末に滅亡した、ビルマ最初の統一王朝は何か。", "a": "パガン朝" },
        { "q": "シンガサリ朝の滅亡直後、侵攻してきた元軍の干渉を排して成立した、マジャパヒト王国が本拠としたインドネシアの島は何か。", "a": "ジャワ島" }
      ]
    },
    {
      "title": "モンゴル帝国時代の東西交流/モンゴル帝国の解体",
      "questions": [
        { "q": "モンゴルの皇族らと手を組み、交易特権や銀などの出資を受けて活動し利益を分け合った、モンゴル時代に活躍したウイグル商人やムスリム商人を何と呼ぶか。", "a": "オルトク商人" },
        { "q": "13世紀半ば、ローマ教皇の命でモンゴル帝国を訪れ、第3代皇帝グユクに会見したイタリア出身のフランチェスコ会修道士は誰か。", "a": "プラノ=カルピニ" },
        { "q": "13世紀半ば、フランス王ルイ9世の命でカラコルムを訪れ、モンケに会見したフランチェスコ会修道士は誰か。", "a": "ルブルック" },
        { "q": "13世紀後半に陸路で大都(カンバリク)を訪れ、以後17年間クビライに仕えた、ヴェネツィア出身の商人・旅行家は誰か。", "a": "マルコ=ポーロ" },
        { "q": "帰国後、戦争に参加したマルコ=ポーロが囚われた際にジェノヴァの獄中で口述し、のちに出版された旅行記の名称は何か。", "a": "『世界の記述』(『東方見聞録』)" },
        { "q": "13世紀末、教皇の使節として大都を訪れ、中国で最初にカトリックを布教したフランチェスコ会修道士は誰か。", "a": "モンテ=コルヴィノ" },
        { "q": "元末の中国を訪れ、その旅行談を口述した、モロッコ出身のイスラーム教徒の旅行家は誰か。", "a": "イブン=バットゥータ" },
        { "q": "イル=ハン国の成立により、中国画の影響を受けてイスラーム世界で発展した絵画は何か。", "a": "写本絵画(ミニアチュール、細密画)" },
        { "q": "元代に景徳鎮でつくられ、明代でさらに盛んとなった、白色の素地にイスラームから伝わったコバルト顔料で絵付けをした装飾技法・陶磁器は何か。", "a": "染付" },
        { "q": "大モンゴル国と元朝の公用語は何か。", "a": "モンゴル語" },
        { "q": "モンゴル文字の母体であり、西ウイグル国で用いられた、ソグド文字に由来する文字は何か。", "a": "ウイグル文字" },
        { "q": "元朝のもとで保護され栄えたが、その財政難の一一因ともなった宗教は何か。", "a": "チベット仏教" },
        { "q": "クビライに国師として厚遇されたチベット仏教の高僧は誰か。", "a": "パクパ" },
        { "q": "パクパが作成した、モンゴル語を写すための文字は何か。", "a": "パクパ文字" },
        { "q": "元末、韓山童・韓林児親子を指導者に、白蓮教を中心に江南で始まった農民反乱は何か。", "a": "紅巾の乱" },
        { "q": "1368年に明軍に大都を奪われ、モンゴル高原に本拠を移して以後の元の残存勢力に対する明側の呼称は何か。", "a": "北元" }
      ]
    },
    {
      "title": "ティムール朝の興亡",
      "questions": [
        { "q": "西チャガタイ=ハン国の混乱に乗じて台頭し、1370年にイスラーム王朝を建てた人物は誰か。", "a": "ティムール" },
        { "q": "ティムールが建てたイスラーム王朝は何か。", "a": "ティムール朝" },
        { "q": "ティムール朝が都としたソグディアナの都市はどこか。", "a": "サマルカンド" },
        { "q": "1402年、ティムール朝の軍がオスマン帝国のスルタンを捕らえた戦いは何か。", "a": "アンカラの戦い" },
        { "q": "アンカラの戦いでティムールに敗れ捕虜となった、オスマン帝国の第4代スルタンは誰か。", "a": "バヤジット1世" },
        { "q": "サマルカンドに天文台を建設するなど、学芸を愛好したティムール朝の第4代君主は誰か。", "a": "ウルグ=ベク" },
        { "q": "ティムール朝のもとで発達したイスラーム文化を何と呼ぶか。", "a": "トルコ=イスラーム文化" },
        { "q": "ティムール朝を滅ぼした、中央アジアのシル川一帯に住んでいたトルコ系遊牧民は何か。", "a": "遊牧ウズベク(ウズベク人)" },
        { "q": "シャイバーン朝をはじめとする、ブハラに都をおいたウズベク人の王朝の総称は何か。", "a": "ブハラ(ボハラ)=ハン国" },
        { "q": "16世紀初め、アム川下流のホラズム地方を中心に建てられ、ヒヴァを都としたウズベク人の国は何か。", "a": "ヒヴァ=ハン国" },
        { "q": "18世紀初め、ブハラ=ハン国から自立し、都をコーカンドとしたウズベク人の国は何か。", "a": "コーカンド=ハン国" }
      ]
    }
  ]
}